phrase,type
4 in 1 microwave machine now in stock,formal
a pregnant woman delivered a healthy baby boy after she was shot leaving a church in far Northeast Dallas,formal
[aaaaa<eex>] I miss [u] so bad,slang
[aaaaaah<eex>] I'm so happy,slang
Amazon warehouse workers injured at higher rates than rival companies study finds,formal
an oasis of happiness amidst the chaos of a city,formal
and [u] don't believe me when I tell [u] [hes] a vampire,slang
anyone in the Oxnard Ventura area please be on the lookout for our friend,formal
anything was better than Trump [tbh<shmex>],slang
are you joining us to eliminate child labour and its worst forms,formal
as of tonight my team has sued 6 states to block new voter suppression laws,formal
[awww<eex>] so cute,slang
be less [hyper<adj>] this year,slang
Beastie Boys in concert at Glasgow Barrowlands in May 1987,formal
because you're afraid to even admit you're afraid,formal
can [yal] all log out I [wanna] be alone right now,slang
can you guys actually [f-off<v>] now,slang
cant come at people all [up-in-arms<adj>] all of a sudden and think that we [aint] smart enough to see through the hypocrisy,slang
Catto has been captured,formal
[caught-in-4k],slang
[certified-vaccine-freak<mwn>] right here,slang
clear that positive tests are rising at the moment,formal
close not me [btw<shmex>],slang
[congrats] [bro<pex>],slang
[cus] [imma] watch Love Jones no matter how bad I realized it is,slang
Dery we love you [pls<shmex>] stay strong,slang
did something different today,formal
do not forget the revolution continue to oppose the military dictator,formal
do you think they don't fine white people,formal
[dont] preach to [em] today they [dont] [wanna] believe it,slang
[dude<pex>] how do people take such [bomb<adj>] pictures every single day,slang
I'm [on<sha>],slang
every day more developers are accelerating app development with Azure,formal
the film opens with a wordless scene a vintage photograph of two men,formal
Filmfare has posted a total of 4 tweets about Sidharthshukla yesterday,formal
for example if [its] written in English while being Spanish obviously [hes] [retarded<adj>],slang
for example the physio is 2x what I've paid to independent practitioners in the UK,formal
friends the surprise is coming,formal
from the river to the sea Palestine will be free,formal
good for you,formal
got split into 2 because it's too long for twitter,formal
[guyysss<en>] I found where that legendary meme came from,slang
[hahahahahahahhahahahshajsahhsahdsajdhajhajhahah<eex>],slang
handwritten letters mean so much to me [u] [hv] no idea,slang
happy 25th birthday to my [one-and-only<pex>],slang
happy birthday [bro<pex>] hope you have [a-good-one<mwexn>],slang
happy birthday Dineshkarthik god bless [buddy<pex>],slang
happy birthday to [youuuu],slang
have a good day love,formal
have a good day [luv<pex>],slang
have a good time,formal
have you seen these people,formal
he deserves the world,formal
he does so much for us it makes me cry,formal
he got sick yesterday,formal
he has been gone for 37 years yet his image and his name still shakes the core of many,formal
he's so handsome without any effort,formal
health watchdogs are calling for staff in GP surgeries to be retrained in customer service skills,formal
hello honey how are you doing today,formal
hello stakeholders,formal
hey how [yall] [doin],slang
[hmm<eex>] I am a bit red,slang
how to get better pictures of urban wildlife,formal
hundreds gathered monday for an interfaith service dedicating a prayer wall outside a historic church in Tulsa,formal
I will be planning when and how [ima] cut someone off,slang
I did that when I got a new phone,formal
I don't know what counts as indie anymore so [imma] just list some phenomenal puzzle games,slang
I feel like this was made specifically for me considering I have this framed on my wall 13 years later,formal
I got sick,formal
I got watched as I sat in my chair and she made me feel weird [bc<shmex>] she asked me so many times I was like do I look sick,slang
I [gotta] get likes,slang
I hate having no energy,formal
I have never seen that man,formal
I have no words,formal
I hope other players withdraw in solidarity with Naomi Osaka,formal
I just made that earlier,formal
I just [wanna] give him a hug and tell him that he is so appreciated,slang
I kind of love this,formal
I lit my new grill today,formal
I love you [papaaaaa<en>],slang
I [luv] you,slang
I made you breakfast,formal
I think Disney is making me more mentally ill,formal
I think I did something and now im sobbing,formal
I [wanna] [b] mysterious so bad,slang
I was honored to meet two survivors of the Tulsa Race Massacre Mother Viola Fletcher and Mr Hughes Van Ellis,formal
I will hate you for the rest of my life,formal
I will look dead [in-yo-face<adj>],slang
I wouldn't be me if I didn't paint a cat eventually,formal
[Ill] never subject [u] to that again,slang
I'm gonna [go-out-on-a-limb] here and say [yuck],slang
I'm sick,formal
I've actually owned it for quite some time,formal
I've been waiting,formal
I've talked to people who are pro vaccine but are waiting,formal
I've tried nothing,formal
if my wife disapproves she will have to stay outside,formal
if we lose this [were] [gonna] [kiss-our-chances-of-winning-goodbye],slang
if [we-texting] past 12 am [ur] replies [gotta] be within seconds,slang
if you don't know now you know,formal
[im] [gonna] call him that from now on,slang
[im] in 3 of them,slang
[ima] buy a Samsung,slang
[imma] make sure you have a good time July 10,slang
[imo] yes considerably less [bloat<n>] and some of their phones have modular add ons,slang
improving bilateral relations with Afghanistan is of utmost importance to Pakistan in the context of India,formal
is that seriously even a question,formal
Israeli embassy hosts hatefest in the heart of London,formal
it felt fitting [lol<eex>],slang
it hurts but I prefer to keep quiet and smile like nothing happened,formal
it is good [lol<eex>],slang
it is what it is,formal
it probably started in 2020,formal
it seems you've been going through the same old routine lately,formal
its all about who you want to eat tacos with at 2am,formal
it's not gambling if you know [youre] [gonna] win,slang
it's so bad for us,formal
it's somehow sentimental to think that Lee was the last artist who Hanbin collaborated with before he went on a hiatus,formal
I've only just seen this and [dunno] who made this,slang
[keep-rocking] AMC Theatres the right way,slang
kill him not even kidding we are not [finna] do this again,slang
lakers going 3 2 tonight,formal
leave a dot and [ill] tell what I want from [u],slang
Let's build a healthcare system that people aren't terrified of using,formal
Let's just all sort out our mental health concerns,formal
like you cant be mad [im] [lit] and you [fightin] demons,slang
[lmao<eex>] the lack of brain cells required to have [fucked-that-up] so badly,slang
[lol<eex>],slang
[lol<eex>] careful with the insults,slang
[lol<eex>] who did this,slang
loneliness hurts so much,formal
loneliness is the worst feeling there is,formal
look at them,formal
losing me is like losing [yo] 2 front teeth,slang
[lyin] I already [caught-[u]-in-4k],slang
Malaysian soup kitchen soldier on to serve the poor and needy despite nationwide lockdown,formal
meanwhile I already cut myself twice last month,formal
morning Cate have a fabulous day,formal
my new grill is [lit],slang
[nah<eex>] but [fr<shmex>] Maelo be testing my patience everyday,slang
[nah<eex>] this [shit<n>] over,slang
[nah<eex>] you seeking father figures instead,slang
never lose hope,formal
next pandemic the pharmaceutical companies should sell naming rights for the vaccines to raise even more money,formal
no [cuz] she [wouldve] killed him if he became vulnerable,slang
no joke [yall] are [weirddddddd<eadj>],slang
no thanks so [overhyped<adj>],slang
[nooooooooooooooooo<eex>],slang
[nope] [nope] and [nope] never,slang
not that simple,formal
now I can finally do this,formal
[ok<shmex>] i'm tired now back to [shit-posting],slang
old people are what's wrong with this country,formal
[omg<shmex>] hello this edit,slang
[omg<shmex>] I'm so happy for your family,slang
[omg<shmex>] what a [moron<n>],slang
others are noticing your abilities at work and you're in sync,formal
our customers and their staff use IOS and have asked to get modern data governance on their iPhones,formal
Piers Morgan walked off his own show,formal
please literally the [hugest] hug,slang
please retweet and if you are able to please help I really will appreciate it I [haven't-got-no] help yet and I really need,slang
please turn off your autoplay there is a video surfacing around that might [trigger<v>] people who are sensitive to this topic,slang
[pls<shmex>] [rt],slang
[pls<shmex>] use all [ur] [ids] to like [dem],slang
police have stopped a bank robbery yesterday,formal
[ppl<shnpl>] be jealous of [ya] [vibe<n>],slang
Saturdays' Kill the Bill march had the lowest turnout yet,formal
selflove improves your selfesteem and selfconfidence,formal
she couldn't find an easier way of doing this,formal
she fought this for 15 years,formal
show some love to Craig of the Creek,formal
so the rumor is Ateez is [gonna] be the real winner on Kingdom,slang
some of [yall] don't understand [ppl<shnpl>] got limits,slang
stars can't shine without darkness,formal
stop and desist from acquiring a share in the state monopoly,formal
stop gassing up people [y'all] know are unhealthy,slang
stop getting sad over small things,formal
such a [shitty<adj>] thing to do,slang
taking nothing personally is a sign of intelligence,formal
thank you,formal
you could be nicer more often,formal
thank you so much,formal
that's awesome,formal
that's got to hurt,formal
that's [gotta] hurt,slang
[thats] pretty [wicked<adj>],slang
that's [sick<adj>],slang
the concern of the child was taken into consideration by the office of LGK and K positively and directions were passed to the concerned,formal
the government is cracking down on out of control whiplash fraud,formal
the Green party exists to follow the science works to protect our planet from ruinous exploitation,formal
the holy grail for those who like to get the most out of their tailoring,formal
the liberal [crybabies<npl>] whining about the Texas voter ID law are the exact same people who support vaccine passports,slang
the Tampa Bay Lightning take on the Carolina Curricanes in NHL betting action,formal
the trends [im] [gonna] cry,slang
there's no planned disruptions affecting our services this week,formal
these prices are robbery,formal
they are already planning the next pandemic,formal
they are still figuring out this mermaid magic,formal
they don't care I got it,formal
they just won't,formal
they now know [tbh<shmex>],slang
you [couldn't-of] been more wrong,slang
they promised delivery of oxygen and delivering liquor,formal
they're catching up,formal
this applies to so many games it's so dumb,formal
this is a perfect parody,formal
this is amazing,formal
this is such [cancer<n>],slang
this [ur] 4th gen IT boy,slang
we could of course say that,formal
tracking will end at 11 59am,formal
trust the process,formal
[u] are 16 and [u] sound like my sister,slang
[uh<eex>] [thatll] be a no for me,slang
[ummm<eex>] [ok<shmex>] man's screaming at me because I preferred the old logo,slang
[ur] parents' house have everything you need except peace,slang
very sad that the new car logo I got is significantly smaller than my old one,formal
[veryyyyy],slang
was it just the sunny weather keeping people away,formal
We couldn't find a Readwise account associated with your handle,formal
we fight for our rights,formal
We have a new [pic],slang
We have helped 40k students,formal
we have lit the new grill yesterday,formal
we need 30k orders and each average of at least 8,formal
we [rocked] yesterday,slang
[were] spoiled [rn<shmex>],slang
what a [bloody<adj>] [lowlife<n>],slang
what [bae<pex>] say,slang
what do our customers say,formal
what more do you want,formal
when was your realization moment,formal
where are you [bestie<pex>],slang
why are you against free speech,formal
why are you not calling for his resignation or arrest,formal
why is this me last year [skdkkd<eex>],slang
they [could-of] listened to you,slang
why worry when you can pray,formal
[wtf<eex>] do they do,slang
[wth<eex>] is happening,slang
[wuahh<eex>] why too much blood [ah<eex>],slang
[yall] be enabling their eating disorders,slang
[y'all] better buy,slang
[y'all] don't blame Hybe and Belift because of Kyungmin and Hanbin,slang
[yall] act like Kanye can rap,slang
[yeah<eex>] okay this one is [tho],slang
yes I'm still getting my hair done,formal
Yes mostly relatives most of my friends are likeminded,formal
[yessssss],slang
you [aint] never [gonna] smile the same,slang
you are lying,formal
you are so [lit] [man<pex>],slang
I could have gone home by now,formal
you can learn a lot about a person just by reading his bio,formal
you don't forget you learn to come to terms and accept,formal
you have an urge to be out and about and this is likely born,formal
you should've ran away,formal
you're a [real-one<mwn>] if you remember Dinosaur Office on 3DS,slang
you're not the Secretary of State and have no business involving yourself,formal
you [could-of] done it better,slang
when Trump goes to prison they should have tours so people can see him in captivity,formal
all the proceeds go to charity,formal
I wonder how the voice actors felt while recording their lines for Alice in Wonderland,formal
[yall] know [how-it-be],slang
[erm<eex>] ratio,slang
no need to be [salty<adj>],slang
[yayyy<eex>] I'll add [u] when I finish making it,slang
and if you've wronged someone make it right,formal
[omg<shmex>],slang
nice at first I thought it was hair and then looked closer [xd] lovely,slang
flight turbulence stresses me out,formal
this is [gonna] be so good hold on,slang
no more words needed,formal
the BBC are a disgrace,formal
dear heart stop getting emotional your duty is to pump blood that's it,formal
the only reason I attend E3 is to see old industry friends and hang out,formal
thank you [bestie<pex>] I knew you'd understand me,slang
[heyyyy<eex>] twitter,slang
anime [sucks],slang
I need the scammers to leave me alone,formal
[aaaaahhhhh<eex>] we did it,slang
loving all the Chelsea players [atm<shmex>],slang
2020 felt like it took years and 2021 is speeding by,formal
I will always proudly support Donald Trump,formal
[yeah<eex>] Minecraft is [bussin],slang
[u] can literally feel when [u] [dont] mean [shit<n>] to a person,slang
what a position to be in,formal
just posted a video,formal
good news I got replied to by ShirI Allwood,formal
my state is so embarrassing,formal
[aww<eex>] thanks [hun<pex>],slang
someone made a Studio Ghibli inspired teapot,formal
it gets worse,formal
I thought [u] was an attack helicopter,slang
[u] might be going to hell brother,slang
okay I got you,formal
[lmao<eex>] [hes] the standard,slang
[aaaaaah<eex>] I miss [u] so bad,slang
[erm<eex>] I'm so happy,slang
anything was better than Trump [ok<shmex>],slang
[erm<eex>] so cute,slang
be less [bomb<adj>] this year,slang
cant come at people all [bomb<adj>] all of a sudden and think that we [aint] smart enough to see through the hypocrisy,slang
close not me [rn<shmex>],slang
[congrats] [luv<pex>],slang
Dery we love you [btw<shmex>] stay strong,slang
[bae<pex>] how do people take such [in-yo-face<adj>] pictures every single day,slang
for example if [its] written in English while being Spanish obviously [hes] [hyper<adj>],slang
[aaaaaah<eex>],slang
happy 25th birthday to my [bro<pex>],slang
happy birthday [luv<pex>] hope you have [a-good-one<mwexn>],slang
happy birthday Dineshkarthik god bless [luv<pex>],slang
have a good day [one-and-only<pex>],slang
[wth<eex>] I am a bit red,slang
I got watched as I sat in my chair and she made me feel weird [fr<shmex>] she asked me so many times I was like do I look sick,slang
I will look dead [up-in-arms<adj>],slang
[imo] yes considerably less [vibe<n>] and some of their phones have modular add ons,slang
it felt fitting [heyyyy<eex>],slang
it is good [ah<eex>],slang
[wth<eex>] the lack of brain cells required to have [fucked-that-up] so badly,slang
[skdkkd<eex>] careful with the insults,slang
[yayyy<eex>] who did this,slang
[ummm<eex>] but [btw<shmex>] Maelo be testing my patience everyday,slang
[ah<eex>] this [moron<n>] over,slang
[wuahh<eex>] you seeking father figures instead,slang
no thanks so [retarded<adj>],slang
[aaaaahhhhh<eex>],slang
[rn<shmex>] i'm tired now back to [shit-posting],slang
[fr<shmex>] hello this edit,slang
[rn<shmex>] I'm so happy for your family,slang
[btw<shmex>] what a [lowlife<n>],slang
[ok<shmex>] [rt],slang
[bc<shmex>] use all [ur] [ids] to like [dem],slang
[ppl<shnpl>] be jealous of [ya] [bloat<n>],slang
such a [sick<adj>] thing to do,slang
[thats] pretty [bloody<adj>],slang
that's [wicked<adj>],slang
they now know [atm<shmex>],slang
this is such [vibe<n>],slang
[lmao<eex>] [thatll] be a no for me,slang
[yeah<eex>] [tbh<shmex>] man's screaming at me because I preferred the old logo,slang
[were] spoiled [ok<shmex>],slang
what a [hyper<adj>] [bloat<n>],slang
what [luv<pex>] say,slang
where are you [man<pex>],slang
why is this me last year [aww<eex>],slang
[aaaaahhhhh<eex>] do they do,slang
[awww<eex>] is happening,slang
[nooooooooooooooooo<eex>] why too much blood [nah<eex>],slang
you are so [lit] [buddy<pex>],slang
[hahahahahahahhahahahshajsahhsahdsajdhajhajhahah<eex>] ratio,slang
no need to be [sick<adj>],slang
[ah<eex>] I'll add [u] when I finish making it,slang
thank you [luv<pex>] I knew you'd understand me,slang
[wuahh<eex>] twitter,slang
[skdkkd<eex>] we did it,slang
loving all the Chelsea players [fr<shmex>],slang
[wth<eex>] Minecraft is [bussin],slang
[u] can literally feel when [u] [dont] mean [moron<n>] to a person,slang
[yeah<eex>] thanks [bro<pex>],slang
[heyyyy<eex>] [hes] the standard,slang
[aww<eex>] I miss [u] so bad,slang
[yeah<eex>] I'm so happy,slang
anything was better than Trump [rn<shmex>],slang
[wth<eex>] so cute,slang
be less [salty<adj>] this year,slang
cant come at people all [hyper<adj>] all of a sudden and think that we [aint] smart enough to see through the hypocrisy,slang
close not me [ok<shmex>],slang
[congrats] [bae<pex>],slang
[man<pex>] how do people take such [sick<adj>] pictures every single day,slang
for example if [its] written in English while being Spanish obviously [hes] [bomb<adj>],slang
happy 25th birthday to my [buddy<pex>],slang
happy birthday [bestie<pex>] hope you have [a-good-one<mwexn>],slang
have a good day [hun<pex>],slang
[wuahh<eex>] I am a bit red,slang
I got watched as I sat in my chair and she made me feel weird [btw<shmex>] she asked me so many times I was like do I look sick,slang
I will look dead [bomb<adj>],slang
it felt fitting [hmm<eex>],slang
it is good [yeah<eex>],slang
[hmm<eex>] the lack of brain cells required to have [fucked-that-up] so badly,slang
[wuahh<eex>],slang
[awww<eex>] who did this,slang
[nooooooooooooooooo<eex>] but [ok<shmex>] Maelo be testing my patience everyday,slang
[nooooooooooooooooo<eex>] this [shit<n>] over,slang
[heyyyy<eex>] you seeking father figures instead,slang
no thanks so [hyper<adj>],slang
[heyyyy<eex>],slang
[btw<shmex>] i'm tired now back to [shit-posting],slang
[fr<shmex>] I'm so happy for your family,slang
[atm<shmex>] what a [lowlife<n>],slang
[btw<shmex>] [rt],slang
[tbh<shmex>] use all [ur] [ids] to like [dem],slang
[ppl<shnpl>] be jealous of [ya] [cancer<n>],slang
such a [bomb<adj>] thing to do,slang
[thats] pretty [retarded<adj>],slang
that's [bloody<adj>],slang
this is such [shit<n>],slang
[ummm<eex>] [thatll] be a no for me,slang
[aaaaa<eex>] [rn<shmex>] man's screaming at me because I preferred the old logo,slang
[were] spoiled [atm<shmex>],slang
what a [retarded<adj>] [moron<n>],slang
what [dude<pex>] say,slang
where are you [hun<pex>],slang
[uh<eex>] do they do,slang
[aaaaa<eex>] is happening,slang
[wtf<eex>] why too much blood [hahahahahahahhahahahshajsahhsahdsajdhajhajhahah<eex>],slang
[heyyyy<eex>] okay this one is [tho],slang
no need to be [overhyped<adj>],slang
[aaaaaah<eex>] I'll add [u] when I finish making it,slang
[rn<shmex>],slang
[skdkkd<eex>] twitter,slang
[ah<eex>] we did it,slang
loving all the Chelsea players [rn<shmex>],slang
[u] can literally feel when [u] [dont] mean [vibe<n>] to a person,slang
[ah<eex>] thanks [man<pex>],slang
[erm<eex>] [hes] the standard,slang
[nah<eex>] I miss [u] so bad,slang
[ah<eex>] I'm so happy,slang
anything was better than Trump [omg<shmex>],slang
[aaaaa<eex>] so cute,slang
be less [overhyped<adj>] this year,slang
[congrats] [man<pex>],slang
Dery we love you [fr<shmex>] stay strong,slang
[bae<pex>] how do people take such [salty<adj>] pictures every single day,slang
for example if [its] written in English while being Spanish obviously [hes] [in-yo-face<adj>],slang
happy birthday [hun<pex>] hope you have [a-good-one<mwexn>],slang
[yeah<eex>] I am a bit red,slang
I got watched as I sat in my chair and she made me feel weird [rn<shmex>] she asked me so many times I was like do I look sick,slang
I will look dead [bloody<adj>],slang
[imo] yes considerably less [moron<n>] and some of their phones have modular add ons,slang
it felt fitting [ah<eex>],slang
it is good [yayyy<eex>],slang
[aaaaaah<eex>] the lack of brain cells required to have [fucked-that-up] so badly,slang
[uh<eex>],slang
[hmm<eex>] careful with the insults,slang
[yeah<eex>] who did this,slang
[aaaaaah<eex>] but [fr<shmex>] Maelo be testing my patience everyday,slang
[aaaaahhhhh<eex>] this [cancer<n>] over,slang
[ah<eex>] you seeking father figures instead,slang
no thanks so [in-yo-face<adj>],slang
[aww<eex>],slang
[atm<shmex>] i'm tired now back to [shit-posting],slang
[atm<shmex>] what a [bloat<n>],slang
[atm<shmex>] use all [ur] [ids] to like [dem],slang
[ppl<shnpl>] be jealous of [ya] [moron<n>],slang
such a [bloody<adj>] thing to do,slang
[thats] pretty [in-yo-face<adj>],slang
they now know [fr<shmex>],slang
this is such [lowlife<n>],slang
[hahahahahahahhahahahshajsahhsahdsajdhajhajhahah<eex>] [thatll] be a no for me,slang
[yeah<eex>] [bc<shmex>] man's screaming at me because I preferred the old logo,slang
[were] spoiled [btw<shmex>],slang
what a [bloody<adj>] [cancer<n>],slang
where are you [one-and-only<pex>],slang
why is this me last year [lmao<eex>],slang
[wth<eex>] why too much blood [ah<eex>],slang
[hmm<eex>] okay this one is [tho],slang
you are so [lit] [bae<pex>],slang
[ah<eex>] ratio,slang
[lol<eex>] I'll add [u] when I finish making it,slang
[ok<shmex>],slang
thank you [man<pex>] I knew you'd understand me,slang
[yayyy<eex>] twitter,slang
[yeah<eex>] we did it,slang
[uh<eex>] Minecraft is [bussin],slang
[heyyyy<eex>] thanks [luv<pex>],slang
[aaaaahhhhh<eex>] [hes] the standard,slang
[skdkkd<eex>] I miss [u] so bad,slang
[skdkkd<eex>] I'm so happy,slang
anything was better than Trump [btw<shmex>],slang
[lol<eex>] so cute,slang
be less [bloody<adj>] this year,slang
cant come at people all [overhyped<adj>] all of a sudden and think that we [aint] smart enough to see through the hypocrisy,slang
[congrats] [buddy<pex>],slang
[man<pex>] how do people take such [hyper<adj>] pictures every single day,slang
for example if [its] written in English while being Spanish obviously [hes] [bloody<adj>],slang
[wth<eex>],slang
happy 25th birthday to my [bae<pex>],slang
happy birthday [dude<pex>] hope you have [a-good-one<mwexn>],slang
have a good day [bae<pex>],slang
[aaaaaah<eex>] I am a bit red,slang
[nah<eex>] the lack of brain cells required to have [fucked-that-up] so badly,slang
[wuahh<eex>] careful with the insults,slang
[aaaaahhhhh<eex>] who did this,slang
[yayyy<eex>] this [lowlife<n>] over,slang
[awww<eex>] you seeking father figures instead,slang
[yayyy<eex>],slang
[atm<shmex>] hello this edit,slang
[bc<shmex>] I'm so happy for your family,slang
[bc<shmex>] what a [vibe<n>],slang
such a [retarded<adj>] thing to do,slang
they now know [omg<shmex>],slang
[yayyy<eex>] [thatll] be a no for me,slang
[wtf<eex>] [tbh<shmex>] man's screaming at me because I preferred the old logo,slang
what [one-and-only<pex>] say,slang
why is this me last year [nooooooooooooooooo<eex>],slang
[erm<eex>] do they do,slang
[nah<eex>] is happening,slang
[erm<eex>] why too much blood [erm<eex>],slang
[wtf<eex>] okay this one is [tho],slang
you are so [lit] [bestie<pex>],slang
[wuahh<eex>] ratio,slang
[wth<eex>] I'll add [u] when I finish making it,slang
[wtf<eex>] twitter,slang
[yayyy<eex>] we did it,slang
[erm<eex>] Minecraft is [bussin],slang
[aaaaahhhhh<eex>] thanks [bro<pex>],slang
[nah<eex>] [hes] the standard,slang
[uh<eex>] I miss [u] so bad,slang
[wtf<eex>] I'm so happy,slang
anything was better than Trump [pls<shmex>],slang
[aww<eex>] so cute,slang
cant come at people all [bloody<adj>] all of a sudden and think that we [aint] smart enough to see through the hypocrisy,slang
close not me [tbh<shmex>],slang
[congrats] [hun<pex>],slang
Dery we love you [ok<shmex>] stay strong,slang
[bestie<pex>] how do people take such [in-yo-face<adj>] pictures every single day,slang
[ah<eex>],slang
happy 25th birthday to my [man<pex>],slang
happy birthday Dineshkarthik god bless [bestie<pex>],slang
have a good day [man<pex>],slang
[aaaaa<eex>] I am a bit red,slang
it felt fitting [wth<eex>],slang
it is good [nah<eex>],slang
[hahahahahahahhahahahshajsahhsahdsajdhajhajhahah<eex>] the lack of brain cells required to have [fucked-that-up] so badly,slang
[lmao<eex>],slang
[yeah<eex>] but [ok<shmex>] Maelo be testing my patience everyday,slang
[lmao<eex>] this [lowlife<n>] over,slang
[yeah<eex>] you seeking father figures instead,slang
no thanks so [bloody<adj>],slang
[bc<shmex>] i'm tired now back to [shit-posting],slang
[omg<shmex>] what a [bloat<n>],slang
[tbh<shmex>] [rt],slang
[omg<shmex>] use all [ur] [ids] to like [dem],slang
[ppl<shnpl>] be jealous of [ya] [shit<n>],slang
[thats] pretty [up-in-arms<adj>],slang
that's [in-yo-face<adj>],slang
this is such [moron<n>],slang
[nooooooooooooooooo<eex>] [thatll] be a no for me,slang
[ummm<eex>] [btw<shmex>] man's screaming at me because I preferred the old logo,slang
what a [salty<adj>] [bloat<n>],slang
why is this me last year [nah<eex>],slang
[hmm<eex>] do they do,slang
[wtf<eex>] is happening,slang
[awww<eex>] why too much blood [awww<eex>],slang
[skdkkd<eex>] okay this one is [tho],slang
you are so [lit] [luv<pex>],slang
[wth<eex>] ratio,slang
no need to be [wicked<adj>],slang
[ummm<eex>] I'll add [u] when I finish making it,slang
[tbh<shmex>],slang
[ah<eex>] twitter,slang
loving all the Chelsea players [tbh<shmex>],slang
[aww<eex>] Minecraft is [bussin],slang
[wtf<eex>] thanks [one-and-only<pex>],slang
[aaaaaah<eex>] [hes] the standard,slang
[nooooooooooooooooo<eex>] I miss [u] so bad,slang
[ah<eex>] so cute,slang
be less [retarded<adj>] this year,slang
cant come at people all [salty<adj>] all of a sudden and think that we [aint] smart enough to see through the hypocrisy,slang
Dery we love you [rn<shmex>] stay strong,slang
[hun<pex>] how do people take such [up-in-arms<adj>] pictures every single day,slang
for example if [its] written in English while being Spanish obviously [hes] [shitty<adj>],slang
happy birthday Dineshkarthik god bless [man<pex>],slang
I got watched as I sat in my chair and she made me feel weird [tbh<shmex>] she asked me so many times I was like do I look sick,slang
it felt fitting [wuahh<eex>],slang
it is good [awww<eex>],slang
[wtf<eex>] the lack of brain cells required to have [fucked-that-up] so badly,slang
[nooooooooooooooooo<eex>] careful with the insults,slang
[hmm<eex>] but [pls<shmex>] Maelo be testing my patience everyday,slang
[wth<eex>] this [bloat<n>] over,slang
[ummm<eex>] you seeking father figures instead,slang
no thanks so [up-in-arms<adj>],slang
[awww<eex>],slang
[tbh<shmex>] i'm tired now back to [shit-posting],slang
[pls<shmex>] hello this edit,slang
[thats] pretty [sick<adj>],slang
[yeah<eex>] [thatll] be a no for me,slang
[ah<eex>] [bc<shmex>] man's screaming at me because I preferred the old logo,slang
what a [in-yo-face<adj>] [bloat<n>],slang
what [man<pex>] say,slang
where are you [buddy<pex>],slang
why is this me last year [aaaaaah<eex>],slang
[awww<eex>] do they do,slang
[yayyy<eex>] is happening,slang
[heyyyy<eex>] why too much blood [erm<eex>],slang
[aaaaahhhhh<eex>] okay this one is [tho],slang
[lmao<eex>] ratio,slang
no need to be [in-yo-face<adj>],slang
[wtf<eex>] I'll add [u] when I finish making it,slang
[btw<shmex>],slang
[wuahh<eex>] we did it,slang
loving all the Chelsea players [ok<shmex>],slang
[ah<eex>] Minecraft is [bussin],slang
[u] can literally feel when [u] [dont] mean [cancer<n>] to a person,slang
[lmao<eex>] I miss [u] so bad,slang
[aww<eex>] I'm so happy,slang
anything was better than Trump [bc<shmex>],slang
[nooooooooooooooooo<eex>] so cute,slang
close not me [bc<shmex>],slang
[congrats] [one-and-only<pex>],slang
Dery we love you [atm<shmex>] stay strong,slang
[bestie<pex>] how do people take such [bloody<adj>] pictures every single day,slang
[hmm<eex>],slang
happy 25th birthday to my [bestie<pex>],slang
[hahahahahahahhahahahshajsahhsahdsajdhajhajhahah<eex>] I am a bit red,slang
[imo] yes considerably less [shit<n>] and some of their phones have modular add ons,slang
[aaaaahhhhh<eex>] the lack of brain cells required to have [fucked-that-up] so badly,slang
[erm<eex>] careful with the insults,slang
[ah<eex>] who did this,slang
[erm<eex>] but [bc<shmex>] Maelo be testing my patience everyday,slang
[hahahahahahahhahahahshajsahhsahdsajdhajhajhahah<eex>] this [cancer<n>] over,slang
no thanks so [bomb<adj>],slang
[erm<eex>],slang
[bc<shmex>] hello this edit,slang
[rn<shmex>] what a [cancer<n>],slang
[bc<shmex>] [rt],slang
such a [hyper<adj>] thing to do,slang
that's [salty<adj>],slang
[awww<eex>] [thatll] be a no for me,slang
[yeah<eex>] [atm<shmex>] man's screaming at me because I preferred the old logo,slang
[were] spoiled [pls<shmex>],slang
where are you [bae<pex>],slang
[ummm<eex>] do they do,slang
[lmao<eex>] why too much blood [skdkkd<eex>],slang
[wth<eex>] okay this one is [tho],slang
you are so [lit] [dude<pex>],slang
[heyyyy<eex>] ratio,slang
no need to be [retarded<adj>],slang
[fr<shmex>],slang
thank you [buddy<pex>] I knew you'd understand me,slang
[lmao<eex>] we did it,slang
[u] can literally feel when [u] [dont] mean [bloat<n>] to a person,slang
[lol<eex>] thanks [dude<pex>],slang
anything was better than Trump [fr<shmex>],slang
[hahahahahahahhahahahshajsahhsahdsajdhajhajhahah<eex>] so cute,slang
be less [wicked<adj>] this year,slang
cant come at people all [retarded<adj>] all of a sudden and think that we [aint] smart enough to see through the hypocrisy,slang
close not me [fr<shmex>],slang
[one-and-only<pex>] how do people take such [retarded<adj>] pictures every single day,slang
[wtf<eex>],slang
happy 25th birthday to my [hun<pex>],slang
happy birthday [bae<pex>] hope you have [a-good-one<mwexn>],slang
have a good day [bro<pex>],slang
I will look dead [wicked<adj>],slang
[heyyyy<eex>] careful with the insults,slang
[aaaaaah<eex>] but [rn<shmex>] Maelo be testing my patience everyday,slang
[awww<eex>] this [moron<n>] over,slang
[hahahahahahahhahahahshajsahhsahdsajdhajhajhahah<eex>] you seeking father figures instead,slang
no thanks so [sick<adj>],slang
[nah<eex>],slang
[omg<shmex>] i'm tired now back to [shit-posting],slang
[pls<shmex>] I'm so happy for your family,slang
[omg<shmex>] what a [cancer<n>],slang
[fr<shmex>] use all [ur] [ids] to like [dem],slang
they now know [bc<shmex>],slang
[nah<eex>] [thatll] be a no for me,slang
[aaaaaah<eex>] [bc<shmex>] man's screaming at me because I preferred the old logo,slang
what a [retarded<adj>] [lowlife<n>],slang
where are you [dude<pex>],slang
why is this me last year [aaaaahhhhh<eex>],slang
[wuahh<eex>] do they do,slang
[wuahh<eex>] is happening,slang
[lmao<eex>] why too much blood [aaaaahhhhh<eex>],slang
[uh<eex>] ratio,slang
no need to be [hyper<adj>],slang
[nah<eex>] I'll add [u] when I finish making it,slang
[bc<shmex>],slang
thank you [bae<pex>] I knew you'd understand me,slang
[aaaaaah<eex>] we did it,slang
loving all the Chelsea players [pls<shmex>],slang
[nooooooooooooooooo<eex>] Minecraft is [bussin],slang
[ah<eex>] thanks [one-and-only<pex>],slang
[hmm<eex>] [hes] the standard,slang
[ummm<eex>] I miss [u] so bad,slang
[heyyyy<eex>] I'm so happy,slang
[hmm<eex>] so cute,slang
close not me [pls<shmex>],slang
Dery we love you [bc<shmex>] stay strong,slang
[luv<pex>] how do people take such [salty<adj>] pictures every single day,slang
for example if [its] written in English while being Spanish obviously [hes] [sick<adj>],slang
happy 25th birthday to my [luv<pex>],slang
happy birthday Dineshkarthik god bless [one-and-only<pex>],slang
[heyyyy<eex>] I am a bit red,slang
[imo] yes considerably less [cancer<n>] and some of their phones have modular add ons,slang
it felt fitting [lmao<eex>],slang
it is good [aaaaaah<eex>],slang
[heyyyy<eex>] the lack of brain cells required to have [fucked-that-up] so badly,slang
[ummm<eex>] careful with the insults,slang
[ummm<eex>] who did this,slang
[awww<eex>] but [omg<shmex>] Maelo be testing my patience everyday,slang
[ah<eex>] this [cancer<n>] over,slang
no thanks so [wicked<adj>],slang
[rn<shmex>] what a [moron<n>],slang
[fr<shmex>] [rt],slang
[ppl<shnpl>] be jealous of [ya] [lowlife<n>],slang
[aaaaaah<eex>] [thatll] be a no for me,slang
[uh<eex>] [btw<shmex>] man's screaming at me because I preferred the old logo,slang
what a [salty<adj>] [vibe<n>],slang
what [bro<pex>] say,slang
where are you [luv<pex>],slang
[lmao<eex>] do they do,slang
[uh<eex>] is happening,slang
[uh<eex>] why too much blood [awww<eex>],slang
you are so [lit] [one-and-only<pex>],slang
[yeah<eex>] ratio,slang
[wth<eex>] twitter,slang
[hmm<eex>] we did it,slang
[hahahahahahahhahahahshajsahhsahdsajdhajhajhahah<eex>] Minecraft is [bussin],slang
[ummm<eex>] thanks [buddy<pex>],slang
[ah<eex>] [hes] the standard,slang
[wuahh<eex>] I miss [u] so bad,slang
[uh<eex>] I'm so happy,slang
be less [in-yo-face<adj>] this year,slang
[bestie<pex>] how do people take such [bomb<adj>] pictures every single day,slang
happy 25th birthday to my [dude<pex>],slang
happy birthday [man<pex>] hope you have [a-good-one<mwexn>],slang
happy birthday Dineshkarthik god bless [bae<pex>],slang
have a good day [bestie<pex>],slang
[wuahh<eex>] the lack of brain cells required to have [fucked-that-up] so badly,slang
[hahahahahahahhahahahshajsahhsahdsajdhajhajhahah<eex>] but [pls<shmex>] Maelo be testing my patience everyday,slang
[ummm<eex>] this [shit<n>] over,slang
[nooooooooooooooooo<eex>] you seeking father figures instead,slang
[fr<shmex>] i'm tired now back to [shit-posting],slang
[ok<shmex>] I'm so happy for your family,slang
[ok<shmex>] what a [lowlife<n>],slang
[atm<shmex>] [rt],slang
[btw<shmex>] use all [ur] [ids] to like [dem],slang
such a [in-yo-face<adj>] thing to do,slang
[thats] pretty [bomb<adj>],slang
they now know [btw<shmex>],slang
this is such [bloat<n>],slang
[aaaaahhhhh<eex>] [thatll] be a no for me,slang
[nah<eex>] [tbh<shmex>] man's screaming at me because I preferred the old logo,slang
what [bestie<pex>] say,slang
why is this me last year [yayyy<eex>],slang
[wth<eex>] do they do,slang
[lol<eex>] is happening,slang
[erm<eex>] why too much blood [ah<eex>],slang
[lmao<eex>] okay this one is [tho],slang
you are so [lit] [hun<pex>],slang
[aww<eex>] ratio,slang
[hmm<eex>] I'll add [u] when I finish making it,slang
[aaaaahhhhh<eex>] twitter,slang
[uh<eex>] we did it,slang
loving all the Chelsea players [omg<shmex>],slang
[wuahh<eex>] thanks [bro<pex>],slang
[ah<eex>] I miss [u] so bad,slang
[hmm<eex>] I'm so happy,slang
[wtf<eex>] so cute,slang
cant come at people all [in-yo-face<adj>] all of a sudden and think that we [aint] smart enough to see through the hypocrisy,slang
[bestie<pex>] how do people take such [hyper<adj>] pictures every single day,slang
[yeah<eex>],slang
happy birthday [buddy<pex>] hope you have [a-good-one<mwexn>],slang
happy birthday Dineshkarthik god bless [hun<pex>],slang
have a good day [dude<pex>],slang
[aww<eex>] I am a bit red,slang
it is good [uh<eex>],slang
[ah<eex>] the lack of brain cells required to have [fucked-that-up] so badly,slang
[ummm<eex>],slang
[awww<eex>] careful with the insults,slang
[heyyyy<eex>] who did this,slang
[erm<eex>] but [rn<shmex>] Maelo be testing my patience everyday,slang
[erm<eex>] this [shit<n>] over,slang
[rn<shmex>] hello this edit,slang
such a [wicked<adj>] thing to do,slang
[wtf<eex>] [btw<shmex>] man's screaming at me because I preferred the old logo,slang
[were] spoiled [fr<shmex>],slang
what a [hyper<adj>] [shit<n>],slang
[aaaaa<eex>] do they do,slang
[aaaaahhhhh<eex>] is happening,slang
[skdkkd<eex>] why too much blood [erm<eex>],slang
[lol<eex>] okay this one is [tho],slang
[awww<eex>] ratio,slang
no need to be [up-in-arms<adj>],slang
[aaaaa<eex>] I'll add [u] when I finish making it,slang
[uh<eex>] twitter,slang
[wtf<eex>] we did it,slang
[lol<eex>] Minecraft is [bussin],slang
[lmao<eex>] thanks [luv<pex>],slang
[ummm<eex>] I'm so happy,slang
anything was better than Trump [atm<shmex>],slang
[uh<eex>] so cute,slang
[congrats] [bestie<pex>],slang
[one-and-only<pex>] how do people take such [salty<adj>] pictures every single day,slang
[skdkkd<eex>],slang
[skdkkd<eex>] I am a bit red,slang
I will look dead [shitty<adj>],slang
it is good [heyyyy<eex>],slang
[aaaaaah<eex>] careful with the insults,slang
[hahahahahahahhahahahshajsahhsahdsajdhajhajhahah<eex>] who did this,slang
[aaaaa<eex>] but [omg<shmex>] Maelo be testing my patience everyday,slang
[lol<eex>] this [cancer<n>] over,slang
[btw<shmex>] what a [shit<n>],slang
[omg<shmex>] [rt],slang
that's [up-in-arms<adj>],slang
they now know [pls<shmex>],slang
[wuahh<eex>] [rn<shmex>] man's screaming at me because I preferred the old logo,slang
[were] spoiled [bc<shmex>],slang
[heyyyy<eex>] do they do,slang
[aaaaaah<eex>] is happening,slang
[skdkkd<eex>] why too much blood [heyyyy<eex>],slang
[aaaaahhhhh<eex>] ratio,slang
[erm<eex>] I'll add [u] when I finish making it,slang
thank you [dude<pex>] I knew you'd understand me,slang
[heyyyy<eex>] we did it,slang
loving all the Chelsea players [bc<shmex>],slang
[skdkkd<eex>] Minecraft is [bussin],slang
[aww<eex>] thanks [bro<pex>],slang
[uh<eex>] [hes] the standard,slang
[wuahh<eex>] I'm so happy,slang
[congrats] [dude<pex>],slang
Dery we love you [tbh<shmex>] stay strong,slang
for example if [its] written in English while being Spanish obviously [hes] [wicked<adj>],slang
[yayyy<eex>] I am a bit red,slang
it is good [hmm<eex>],slang
[lmao<eex>] careful with the insults,slang
[nah<eex>] who did this,slang
[yeah<eex>] but [btw<shmex>] Maelo be testing my patience everyday,slang
[erm<eex>] you seeking father figures instead,slang
[btw<shmex>] hello this edit,slang
[bc<shmex>] what a [bloat<n>],slang
[thats] pretty [salty<adj>],slang
[hmm<eex>] [thatll] be a no for me,slang
[hmm<eex>] [atm<shmex>] man's screaming at me because I preferred the old logo,slang
what a [bomb<adj>] [shit<n>],slang
what [buddy<pex>] say,slang
[heyyyy<eex>] is happening,slang
[wth<eex>] why too much blood [uh<eex>],slang
[aaaaaah<eex>] okay this one is [tho],slang
no need to be [bomb<adj>],slang
[heyyyy<eex>] I'll add [u] when I finish making it,slang
[aaaaa<eex>] twitter,slang
[ummm<eex>] we did it,slang
[ah<eex>] thanks [luv<pex>],slang
[yeah<eex>] [hes] the standard,slang
[awww<eex>] I miss [u] so bad,slang
[aaaaahhhhh<eex>] so cute,slang
[one-and-only<pex>] how do people take such [overhyped<adj>] pictures every single day,slang
happy birthday Dineshkarthik god bless [dude<pex>],slang
[ah<eex>] I am a bit red,slang
I got watched as I sat in my chair and she made me feel weird [omg<shmex>] she asked me so many times I was like do I look sick,slang
I will look dead [sick<adj>],slang
it felt fitting [yayyy<eex>],slang
it is good [wtf<eex>],slang
[nah<eex>] careful with the insults,slang
[aaaaa<eex>] who did this,slang
[wuahh<eex>] but [bc<shmex>] Maelo be testing my patience everyday,slang
[nooooooooooooooooo<eex>] this [moron<n>] over,slang
[fr<shmex>] what a [lowlife<n>],slang
they now know [ok<shmex>],slang
[lmao<eex>] [omg<shmex>] man's screaming at me because I preferred the old logo,slang
what a [bomb<adj>] [moron<n>],slang
what [hun<pex>] say,slang
[hahahahahahahhahahahshajsahhsahdsajdhajhajhahah<eex>] do they do,slang
[wuahh<eex>] why too much blood [aaaaa<eex>],slang
[awww<eex>] okay this one is [tho],slang
you are so [lit] [bro<pex>],slang
[wtf<eex>] ratio,slang
[aaaaahhhhh<eex>] I'll add [u] when I finish making it,slang
[nooooooooooooooooo<eex>] we did it,slang
[wuahh<eex>] thanks [bae<pex>],slang
[aaaaa<eex>] [hes] the standard,slang
[wtf<eex>] I miss [u] so bad,slang
[lmao<eex>] I'm so happy,slang
cant come at people all [sick<adj>] all of a sudden and think that we [aint] smart enough to see through the hypocrisy,slang
Dery we love you [omg<shmex>] stay strong,slang
[bae<pex>] how do people take such [shitty<adj>] pictures every single day,slang
[aaaaa<eex>],slang
happy birthday [one-and-only<pex>] hope you have [a-good-one<mwexn>],slang
I will look dead [salty<adj>],slang
it felt fitting [uh<eex>],slang
[erm<eex>] but [omg<shmex>] Maelo be testing my patience everyday,slang
[wth<eex>] this [moron<n>] over,slang
[skdkkd<eex>] you seeking father figures instead,slang
[bc<shmex>] what a [cancer<n>],slang
such a [salty<adj>] thing to do,slang
what a [retarded<adj>] [shit<n>],slang
why is this me last year [heyyyy<eex>],slang
[yayyy<eex>] why too much blood [wtf<eex>],slang
thank you [one-and-only<pex>] I knew you'd understand me,slang
[awww<eex>] twitter,slang
[awww<eex>] thanks [bestie<pex>],slang
[awww<eex>] I'm so happy,slang
close not me [omg<shmex>],slang
[bro<pex>] how do people take such [bomb<adj>] pictures every single day,slang
for example if [its] written in English while being Spanish obviously [hes] [up-in-arms<adj>],slang
[aaaaahhhhh<eex>] I am a bit red,slang
it felt fitting [aww<eex>],slang
[skdkkd<eex>] the lack of brain cells required to have [fucked-that-up] so badly,slang
[heyyyy<eex>] but [tbh<shmex>] Maelo be testing my patience everyday,slang
[nooooooooooooooooo<eex>] this [lowlife<n>] over,slang
[yayyy<eex>] you seeking father figures instead,slang
no thanks so [shitty<adj>],slang
[thats] pretty [overhyped<adj>],slang
that's [bomb<adj>],slang
[wtf<eex>] [thatll] be a no for me,slang
[uh<eex>] [fr<shmex>] man's screaming at me because I preferred the old logo,slang
[were] spoiled [tbh<shmex>],slang
what a [salty<adj>] [cancer<n>],slang
[lol<eex>] do they do,slang
[skdkkd<eex>] is happening,slang
[aaaaahhhhh<eex>] why too much blood [yeah<eex>],slang
[hmm<eex>] ratio,slang
no need to be [shitty<adj>],slang
[hmm<eex>] Minecraft is [bussin],slang
[aaaaahhhhh<eex>] thanks [man<pex>],slang
cant come at people all [wicked<adj>] all of a sudden and think that we [aint] smart enough to see through the hypocrisy,slang
[hun<pex>] how do people take such [sick<adj>] pictures every single day,slang
happy birthday Dineshkarthik god bless [bro<pex>],slang
I will look dead [hyper<adj>],slang
it felt fitting [aaaaahhhhh<eex>],slang
it is good [aaaaa<eex>],slang
[ummm<eex>] the lack of brain cells required to have [fucked-that-up] so badly,slang
[yayyy<eex>] careful with the insults,slang
[uh<eex>] but [omg<shmex>] Maelo be testing my patience everyday,slang
[ummm<eex>] this [cancer<n>] over,slang
[tbh<shmex>] what a [bloat<n>],slang
[ok<shmex>] use all [ur] [ids] to like [dem],slang
[skdkkd<eex>] [bc<shmex>] man's screaming at me because I preferred the old logo,slang
what a [overhyped<adj>] [lowlife<n>],slang
why is this me last year [awww<eex>],slang
[hmm<eex>] why too much blood [wtf<eex>],slang
[aww<eex>] okay this one is [tho],slang
[lol<eex>] ratio,slang
[pls<shmex>],slang
[hmm<eex>] twitter,slang
[awww<eex>] Minecraft is [bussin],slang
[u] can literally feel when [u] [dont] mean [lowlife<n>] to a person,slang
[yeah<eex>] thanks [bae<pex>],slang
[heyyyy<eex>] so cute,slang
close not me [atm<shmex>],slang
[buddy<pex>] how do people take such [bloody<adj>] pictures every single day,slang
I will look dead [overhyped<adj>],slang
it felt fitting [ummm<eex>],slang
it is good [skdkkd<eex>],slang
[nah<eex>] but [bc<shmex>] Maelo be testing my patience everyday,slang
[lmao<eex>] this [shit<n>] over,slang
[uh<eex>] you seeking father figures instead,slang
[atm<shmex>] what a [vibe<n>],slang
that's [overhyped<adj>],slang
[heyyyy<eex>] [bc<shmex>] man's screaming at me because I preferred the old logo,slang
what a [wicked<adj>] [shit<n>],slang
why is this me last year [erm<eex>],slang
[aaaaaah<eex>] do they do,slang
[awww<eex>] why too much blood [aaaaaah<eex>],slang
[wth<eex>] we did it,slang
[lol<eex>] thanks [bae<pex>],slang
[nah<eex>] I'm so happy,slang
[bestie<pex>] how do people take such [sick<adj>] pictures every single day,slang
have a good day [buddy<pex>],slang
I got watched as I sat in my chair and she made me feel weird [ok<shmex>] she asked me so many times I was like do I look sick,slang
[imo] yes considerably less [lowlife<n>] and some of their phones have modular add ons,slang
it is good [erm<eex>],slang
[yayyy<eex>] the lack of brain cells required to have [fucked-that-up] so badly,slang
[aaaaaah<eex>] who did this,slang
[aaaaaah<eex>] but [omg<shmex>] Maelo be testing my patience everyday,slang
[skdkkd<eex>] this [moron<n>] over,slang
[aaaaahhhhh<eex>] you seeking father figures instead,slang
[tbh<shmex>] hello this edit,slang
[wuahh<eex>] [thatll] be a no for me,slang
[aww<eex>] [rn<shmex>] man's screaming at me because I preferred the old logo,slang
[ah<eex>] do they do,slang
[ummm<eex>] why too much blood [ah<eex>],slang
[hahahahahahahhahahahshajsahhsahdsajdhajhajhahah<eex>] okay this one is [tho],slang
no need to be [bloody<adj>],slang
[nah<eex>] twitter,slang
[yayyy<eex>] [hes] the standard,slang
[wth<eex>] I'm so happy,slang
[yeah<eex>] so cute,slang
be less [shitty<adj>] this year,slang
[wtf<eex>] I am a bit red,slang
it felt fitting [erm<eex>],slang
it is good [wth<eex>],slang
[lol<eex>] the lack of brain cells required to have [fucked-that-up] so badly,slang
[ummm<eex>] this [vibe<n>] over,slang
[fr<shmex>] what a [vibe<n>],slang
[erm<eex>] [thatll] be a no for me,slang
[aaaaaah<eex>] [atm<shmex>] man's screaming at me because I preferred the old logo,slang
what a [shitty<adj>] [shit<n>],slang
[aww<eex>] do they do,slang
[ummm<eex>] is happening,slang
[erm<eex>] why too much blood [lol<eex>],slang
[uh<eex>] okay this one is [tho],slang
[awww<eex>] I'll add [u] when I finish making it,slang
[yeah<eex>] twitter,slang
[lol<eex>] we did it,slang
[aaaaahhhhh<eex>] thanks [luv<pex>],slang
[lol<eex>] [hes] the standard,slang
[yayyy<eex>] I'm so happy,slang
be less [sick<adj>] this year,slang
[ummm<eex>] I am a bit red,slang
[aaaaa<eex>] the lack of brain cells required to have [fucked-that-up] so badly,slang
[aww<eex>] but [fr<shmex>] Maelo be testing my patience everyday,slang
[heyyyy<eex>] this [bloat<n>] over,slang
[hmm<eex>] you seeking father figures instead,slang
[btw<shmex>] I'm so happy for your family,slang
[fr<shmex>] what a [bloat<n>],slang
[ah<eex>] [atm<shmex>] man's screaming at me because I preferred the old logo,slang
what a [wicked<adj>] [vibe<n>],slang
[wtf<eex>] why too much blood [wth<eex>],slang
[nooooooooooooooooo<eex>] ratio,slang
[erm<eex>] twitter,slang
[aaaaa<eex>] we did it,slang
[yeah<eex>] thanks [bestie<pex>],slang
[man<pex>] how do people take such [shitty<adj>] pictures every single day,slang
it felt fitting [awww<eex>],slang
[ah<eex>] careful with the insults,slang
[awww<eex>] but [rn<shmex>] Maelo be testing my patience everyday,slang
[aaaaa<eex>] this [shit<n>] over,slang
[fr<shmex>] what a [shit<n>],slang
[nah<eex>] [fr<shmex>] man's screaming at me because I preferred the old logo,slang
what a [shitty<adj>] [bloat<n>],slang
[yayyy<eex>] do they do,slang
[nooooooooooooooooo<eex>] is happening,slang
[aaaaaah<eex>] why too much blood [awww<eex>],slang
[wuahh<eex>] I'll add [u] when I finish making it,slang
thank you [hun<pex>] I knew you'd understand me,slang
[lol<eex>] twitter,slang
[aaaaahhhhh<eex>] Minecraft is [bussin],slang
[wth<eex>] thanks [dude<pex>],slang
[ummm<eex>] so cute,slang
[one-and-only<pex>] how do people take such [up-in-arms<adj>] pictures every single day,slang
it is good [lmao<eex>],slang
[hahahahahahahhahahahshajsahhsahdsajdhajhajhahah<eex>] careful with the insults,slang
[skdkkd<eex>] who did this,slang
[aaaaaah<eex>] but [bc<shmex>] Maelo be testing my patience everyday,slang
[hmm<eex>] this [cancer<n>] over,slang
[wtf<eex>] you seeking father figures instead,slang
[ah<eex>] [thatll] be a no for me,slang
[aww<eex>] [ok<shmex>] man's screaming at me because I preferred the old logo,slang
where are you [bro<pex>],slang
[heyyyy<eex>] why too much blood [skdkkd<eex>],slang
[yeah<eex>] I'll add [u] when I finish making it,slang
[atm<shmex>],slang
thank you [bro<pex>] I knew you'd understand me,slang
loving all the Chelsea players [btw<shmex>],slang
[wth<eex>] thanks [man<pex>],slang
[erm<eex>] I miss [u] so bad,slang
cant come at people all [shitty<adj>] all of a sudden and think that we [aint] smart enough to see through the hypocrisy,slang
[hun<pex>] how do people take such [bomb<adj>] pictures every single day,slang
[erm<eex>] I am a bit red,slang
it is good [nooooooooooooooooo<eex>],slang
[wth<eex>] who did this,slang
[ummm<eex>] but [rn<shmex>] Maelo be testing my patience everyday,slang
[wth<eex>] this [lowlife<n>] over,slang
[wth<eex>] you seeking father figures instead,slang
[ok<shmex>] hello this edit,slang
[rn<shmex>] what a [lowlife<n>],slang
that's [retarded<adj>],slang
[yeah<eex>] [rn<shmex>] man's screaming at me because I preferred the old logo,slang
what a [in-yo-face<adj>] [vibe<n>],slang
why is this me last year [wtf<eex>],slang
[yeah<eex>] do they do,slang
[uh<eex>] why too much blood [lol<eex>],slang
[ummm<eex>] okay this one is [tho],slang
[aaaaa<eex>] ratio,slang
[aww<eex>] I'll add [u] when I finish making it,slang
[aww<eex>] twitter,slang
[hmm<eex>] I miss [u] so bad,slang
[nooooooooooooooooo<eex>] I'm so happy,slang
[skdkkd<eex>] so cute,slang
[hun<pex>] how do people take such [shitty<adj>] pictures every single day,slang
it is good [aww<eex>],slang
[aaaaahhhhh<eex>] careful with the insults,slang
[wuahh<eex>] but [pls<shmex>] Maelo be testing my patience everyday,slang
[wuahh<eex>] this [vibe<n>] over,slang
no thanks so [salty<adj>],slang
[tbh<shmex>] I'm so happy for your family,slang
[fr<shmex>] what a [cancer<n>],slang
[lol<eex>] [tbh<shmex>] man's screaming at me because I preferred the old logo,slang
what a [shitty<adj>] [moron<n>],slang
why is this me last year [ummm<eex>],slang
[heyyyy<eex>] why too much blood [lmao<eex>],slang
[nooooooooooooooooo<eex>] okay this one is [tho],slang
[aww<eex>] we did it,slang
[aaaaahhhhh<eex>] thanks [dude<pex>],slang
[aaaaahhhhh<eex>] I miss [u] so bad,slang
I will look dead [retarded<adj>],slang
[yeah<eex>] the lack of brain cells required to have [fucked-that-up] so badly,slang
[skdkkd<eex>] but [omg<shmex>] Maelo be testing my patience everyday,slang
[yeah<eex>] this [cancer<n>] over,slang
[skdkkd<eex>] [ok<shmex>] man's screaming at me because I preferred the old logo,slang
[were] spoiled [omg<shmex>],slang
what a [hyper<adj>] [cancer<n>],slang
why is this me last year [yeah<eex>],slang
[ah<eex>] is happening,slang
[uh<eex>] why too much blood [aaaaa<eex>],slang
[ah<eex>] okay this one is [tho],slang
[uh<eex>] thanks [man<pex>],slang
be less [up-in-arms<adj>] this year,slang
[aaaaa<eex>] careful with the insults,slang
[ummm<eex>] but [fr<shmex>] Maelo be testing my patience everyday,slang
[tbh<shmex>] what a [lowlife<n>],slang
[aaaaahhhhh<eex>] [ok<shmex>] man's screaming at me because I preferred the old logo,slang
what a [up-in-arms<adj>] [shit<n>],slang
why is this me last year [hmm<eex>],slang
[erm<eex>] why too much blood [hahahahahahahhahahahshajsahhsahdsajdhajhajhahah<eex>],slang
[nooooooooooooooooo<eex>] I'll add [u] when I finish making it,slang
[nah<eex>] we did it,slang
[lmao<eex>] Minecraft is [bussin],slang
[yeah<eex>] thanks [man<pex>],slang
[ummm<eex>] [hes] the standard,slang
[hahahahahahahhahahahshajsahhsahdsajdhajhajhahah<eex>] I'm so happy,slang
[bae<pex>] how do people take such [retarded<adj>] pictures every single day,slang
[lmao<eex>] I am a bit red,slang
[hahahahahahahhahahahshajsahhsahdsajdhajhajhahah<eex>] this [vibe<n>] over,slang
[pls<shmex>] what a [lowlife<n>],slang
such a [overhyped<adj>] thing to do,slang
[lol<eex>] [thatll] be a no for me,slang
why is this me last year [wuahh<eex>],slang
[uh<eex>] why too much blood [yayyy<eex>],slang
[yayyy<eex>] Minecraft is [bussin],slang
[yeah<eex>] I miss [u] so bad,slang
[dude<pex>] how do people take such [salty<adj>] pictures every single day,slang
it is good [aaaaahhhhh<eex>],slang
[nooooooooooooooooo<eex>] the lack of brain cells required to have [fucked-that-up] so badly,slang
[wth<eex>] careful with the insults,slang
[wtf<eex>] who did this,slang
[wth<eex>] but [btw<shmex>] Maelo be testing my patience everyday,slang
[yeah<eex>] this [lowlife<n>] over,slang
[lol<eex>] you seeking father figures instead,slang
[pls<shmex>] what a [cancer<n>],slang
that's [shitty<adj>],slang
[heyyyy<eex>] [thatll] be a no for me,slang
[aaaaa<eex>] [bc<shmex>] man's screaming at me because I preferred the old logo,slang
what a [shitty<adj>] [lowlife<n>],slang
[nah<eex>] do they do,slang
[aww<eex>] is happening,slang
[yeah<eex>] why too much blood [aaaaahhhhh<eex>],slang
[lmao<eex>] twitter,slang
[erm<eex>] we did it,slang
[wtf<eex>] Minecraft is [bussin],slang
it felt fitting [yeah<eex>],slang
[wtf<eex>] but [omg<shmex>] Maelo be testing my patience everyday,slang
[lol<eex>] this [bloat<n>] over,slang
that's [hyper<adj>],slang
[yayyy<eex>] [btw<shmex>] man's screaming at me because I preferred the old logo,slang
what a [up-in-arms<adj>] [bloat<n>],slang
why is this me last year [ah<eex>],slang
[skdkkd<eex>] why too much blood [wuahh<eex>],slang
[erm<eex>] thanks [dude<pex>],slang
[skdkkd<eex>] [hes] the standard,slang
[bro<pex>] how do people take such [up-in-arms<adj>] pictures every single day,slang
[nooooooooooooooooo<eex>] I am a bit red,slang
it felt fitting [aaaaaah<eex>],slang
[ah<eex>] but [tbh<shmex>] Maelo be testing my patience everyday,slang
[ummm<eex>] this [lowlife<n>] over,slang
[omg<shmex>] what a [lowlife<n>],slang
[aww<eex>] [thatll] be a no for me,slang
[skdkkd<eex>] [atm<shmex>] man's screaming at me because I preferred the old logo,slang
[hahahahahahahhahahahshajsahhsahdsajdhajhajhahah<eex>] why too much blood [erm<eex>],slang
[aaaaa<eex>] okay this one is [tho],slang
[aaaaaah<eex>] ratio,slang
[uh<eex>] I'll add [u] when I finish making it,slang
[ummm<eex>] twitter,slang
[aaaaaah<eex>] Minecraft is [bussin],slang
[lol<eex>] thanks [bestie<pex>],slang
[wth<eex>] [hes] the standard,slang
[wth<eex>] I miss [u] so bad,slang
[aaaaaah<eex>] so cute,slang
[buddy<pex>] how do people take such [up-in-arms<adj>] pictures every single day,slang
[erm<eex>] the lack of brain cells required to have [fucked-that-up] so badly,slang
[hmm<eex>] who did this,slang
[heyyyy<eex>] this [vibe<n>] over,slang
[ah<eex>] [rn<shmex>] man's screaming at me because I preferred the old logo,slang
what a [up-in-arms<adj>] [vibe<n>],slang
[ah<eex>] why too much blood [aww<eex>],slang
[erm<eex>] okay this one is [tho],slang
[nooooooooooooooooo<eex>] thanks [dude<pex>],slang
[heyyyy<eex>] I miss [u] so bad,slang
it felt fitting [aaaaa<eex>],slang
it is good [hahahahahahahhahahahshajsahhsahdsajdhajhajhahah<eex>],slang
[yayyy<eex>] but [fr<shmex>] Maelo be testing my patience everyday,slang
[erm<eex>] this [moron<n>] over,slang
[bc<shmex>] what a [moron<n>],slang
[nah<eex>] [ok<shmex>] man's screaming at me because I preferred the old logo,slang
what a [bomb<adj>] [vibe<n>],slang
[nooooooooooooooooo<eex>] do they do,slang
[wuahh<eex>] why too much blood [wth<eex>],slang
[hahahahahahahhahahahshajsahhsahdsajdhajhajhahah<eex>] I'll add [u] when I finish making it,slang
[heyyyy<eex>] Minecraft is [bussin],slang
[hahahahahahahhahahahshajsahhsahdsajdhajhajhahah<eex>] thanks [one-and-only<pex>],slang
[luv<pex>] how do people take such [overhyped<adj>] pictures every single day,slang
I got watched as I sat in my chair and she made me feel weird [atm<shmex>] she asked me so many times I was like do I look sick,slang
[aww<eex>] the lack of brain cells required to have [fucked-that-up] so badly,slang
[uh<eex>] who did this,slang
[nooooooooooooooooo<eex>] this [vibe<n>] over,slang
[aaaaa<eex>] [thatll] be a no for me,slang
what a [bloody<adj>] [shit<n>],slang
[aaaaahhhhh<eex>] why too much blood [aaaaaah<eex>],slang
[yayyy<eex>] okay this one is [tho],slang
[nah<eex>] thanks [man<pex>],slang
[buddy<pex>] how do people take such [bomb<adj>] pictures every single day,slang
[uh<eex>] the lack of brain cells required to have [fucked-that-up] so badly,slang
[aww<eex>] careful with the insults,slang
[ah<eex>] but [bc<shmex>] Maelo be testing my patience everyday,slang
[nooooooooooooooooo<eex>] this [bloat<n>] over,slang
[heyyyy<eex>] [btw<shmex>] man's screaming at me because I preferred the old logo,slang
what a [sick<adj>] [moron<n>],slang
[aaaaaah<eex>] why too much blood [aww<eex>],slang
[wuahh<eex>] Minecraft is [bussin],slang
[skdkkd<eex>] thanks [man<pex>],slang
it felt fitting [nah<eex>],slang
[yayyy<eex>] but [omg<shmex>] Maelo be testing my patience everyday,slang
[ummm<eex>] this [moron<n>] over,slang
[tbh<shmex>] what a [moron<n>],slang
[skdkkd<eex>] [thatll] be a no for me,slang
[aaaaahhhhh<eex>] [atm<shmex>] man's screaming at me because I preferred the old logo,slang
what a [sick<adj>] [cancer<n>],slang
[lmao<eex>] is happening,slang
[lol<eex>] why too much blood [skdkkd<eex>],slang
[hahahahahahahhahahahshajsahhsahdsajdhajhajhahah<eex>] thanks [bro<pex>],slang
[awww<eex>] the lack of brain cells required to have [fucked-that-up] so badly,slang
[yeah<eex>] but [tbh<shmex>] Maelo be testing my patience everyday,slang
[ah<eex>] this [vibe<n>] over,slang
[ok<shmex>] what a [vibe<n>],slang
[erm<eex>] [btw<shmex>] man's screaming at me because I preferred the old logo,slang
what a [in-yo-face<adj>] [moron<n>],slang
[erm<eex>] why too much blood [aaaaahhhhh<eex>],slang
[ummm<eex>] ratio,slang
[nooooooooooooooooo<eex>] twitter,slang
[ummm<eex>] Minecraft is [bussin],slang
[lol<eex>] I miss [u] so bad,slang
[lol<eex>] I'm so happy,slang
[dude<pex>] how do people take such [shitty<adj>] pictures every single day,slang
[lmao<eex>] you seeking father figures instead,slang
[atm<shmex>] I'm so happy for your family,slang
[rn<shmex>] use all [ur] [ids] to like [dem],slang
what a [wicked<adj>] [bloat<n>],slang
[hahahahahahahhahahahshajsahhsahdsajdhajhajhahah<eex>] is happening,slang
[aww<eex>] why too much blood [yayyy<eex>],slang
[aaaaahhhhh<eex>] thanks [bae<pex>],slang
[one-and-only<pex>] how do people take such [bomb<adj>] pictures every single day,slang
for example if [its] written in English while being Spanish obviously [hes] [salty<adj>],slang
[aaaaa<eex>] you seeking father figures instead,slang
[pls<shmex>] what a [vibe<n>],slang
[rn<shmex>] [rt],slang
[aaaaahhhhh<eex>] [fr<shmex>] man's screaming at me because I preferred the old logo,slang
what a [bomb<adj>] [lowlife<n>],slang
[yeah<eex>] why too much blood [hahahahahahahhahahahshajsahhsahdsajdhajhajhahah<eex>],slang
[lmao<eex>] thanks [hun<pex>],slang
[yayyy<eex>] I miss [u] so bad,slang
[hun<pex>] how do people take such [hyper<adj>] pictures every single day,slang
it felt fitting [nooooooooooooooooo<eex>],slang
they now know [rn<shmex>],slang
[aww<eex>] [pls<shmex>] man's screaming at me because I preferred the old logo,slang
what a [hyper<adj>] [moron<n>],slang
why is this me last year [uh<eex>],slang
[aaaaa<eex>] Minecraft is [bussin],slang
[uh<eex>] thanks [bro<pex>],slang
[bro<pex>] how do people take such [sick<adj>] pictures every single day,slang
for example if [its] written in English while being Spanish obviously [hes] [overhyped<adj>],slang
I got watched as I sat in my chair and she made me feel weird [pls<shmex>] she asked me so many times I was like do I look sick,slang
[wtf<eex>] but [pls<shmex>] Maelo be testing my patience everyday,slang
[aaaaaah<eex>] you seeking father figures instead,slang
[pls<shmex>] i'm tired now back to [shit-posting],slang
[rn<shmex>] what a [shit<n>],slang
[thats] pretty [hyper<adj>],slang
[nooooooooooooooooo<eex>] [bc<shmex>] man's screaming at me because I preferred the old logo,slang
what a [overhyped<adj>] [shit<n>],slang
[erm<eex>] is happening,slang
[yayyy<eex>] why too much blood [lol<eex>],slang
[skdkkd<eex>] ratio,slang
[aww<eex>] thanks [man<pex>],slang
[hahahahahahahhahahahshajsahhsahdsajdhajhajhahah<eex>] [hes] the standard,slang
[bestie<pex>] how do people take such [wicked<adj>] pictures every single day,slang
[aaaaahhhhh<eex>] but [bc<shmex>] Maelo be testing my patience everyday,slang
[aww<eex>] this [vibe<n>] over,slang
[awww<eex>] [bc<shmex>] man's screaming at me because I preferred the old logo,slang
[nah<eex>] why too much blood [aaaaa<eex>],slang
[yeah<eex>] careful with the insults,slang
[nooooooooooooooooo<eex>] who did this,slang
[ok<shmex>] what a [moron<n>],slang
[wth<eex>] [btw<shmex>] man's screaming at me because I preferred the old logo,slang
what a [bomb<adj>] [bloat<n>],slang
[heyyyy<eex>] why too much blood [wuahh<eex>],slang
[wtf<eex>] thanks [luv<pex>],slang
[man<pex>] how do people take such [up-in-arms<adj>] pictures every single day,slang
[erm<eex>] who did this,slang
[nooooooooooooooooo<eex>] but [fr<shmex>] Maelo be testing my patience everyday,slang
[atm<shmex>] what a [cancer<n>],slang
[skdkkd<eex>] [tbh<shmex>] man's screaming at me because I preferred the old logo,slang
[yeah<eex>] why too much blood [yeah<eex>],slang
[hahahahahahahhahahahshajsahhsahdsajdhajhajhahah<eex>] we did it,slang
[ummm<eex>] thanks [one-and-only<pex>],slang
it is good [wuahh<eex>],slang
[aaaaahhhhh<eex>] but [btw<shmex>] Maelo be testing my patience everyday,slang
[heyyyy<eex>] this [lowlife<n>] over,slang
[ok<shmex>] what a [shit<n>],slang
[uh<eex>] [ok<shmex>] man's screaming at me because I preferred the old logo,slang
what a [bloody<adj>] [vibe<n>],slang
[wuahh<eex>] why too much blood [skdkkd<eex>],slang
[man<pex>] how do people take such [overhyped<adj>] pictures every single day,slang
[aww<eex>] who did this,slang
[wtf<eex>] but [bc<shmex>] Maelo be testing my patience everyday,slang
[uh<eex>] this [bloat<n>] over,slang
[btw<shmex>] what a [bloat<n>],slang
[aaaaa<eex>] [ok<shmex>] man's screaming at me because I preferred the old logo,slang
[nah<eex>] why too much blood [skdkkd<eex>],slang
[aaaaaah<eex>] twitter,slang
[nooooooooooooooooo<eex>] thanks [luv<pex>],slang
it is good [ummm<eex>],slang
[awww<eex>] but [pls<shmex>] Maelo be testing my patience everyday,slang
[skdkkd<eex>] this [bloat<n>] over,slang
[thats] pretty [shitty<adj>],slang
[skdkkd<eex>] [omg<shmex>] man's screaming at me because I preferred the old logo,slang
what a [salty<adj>] [shit<n>],slang
why is this me last year [hahahahahahahhahahahshajsahhsahdsajdhajhajhahah<eex>],slang
[uh<eex>] why too much blood [wth<eex>],slang
[nah<eex>] okay this one is [tho],slang
[yayyy<eex>] ratio,slang
[heyyyy<eex>] thanks [bestie<pex>],slang
[wuahh<eex>] so cute,slang
[bro<pex>] how do people take such [retarded<adj>] pictures every single day,slang
[nah<eex>] I am a bit red,slang
[erm<eex>] this [cancer<n>] over,slang
why is this me last year [lol<eex>],slang
[lol<eex>] why too much blood [wth<eex>],slang
[luv<pex>] how do people take such [in-yo-face<adj>] pictures every single day,slang
